day,server,guids,version,capacity_gb,usage_gb,warnings,sourcetypes,forwarders,searches,page_views,apps,users
2024-05-31,host1.com.au,[04804C6C-4237-4AB7-B520-4C19483BFB98],9.2.0,500.00,7.12,0,83,650,45064,34649,37,100
2024-05-30,host1.com.au,[04804C6C-4237-4AB7-B520-4C19483BFB98],9.2.0,500.00,292.30,0,93,635,27222,42775,66,120
2024-05-29,host1.com.au,[04804C6C-4237-4AB7-B520-4C19483BFB98],9.2.0,500.00,67.38,0,81,687,43914,12144,17,86
2024-05-28,host1.com.au,[04804C6C-4237-4AB7-B520-4C19483BFB98],9.2.0,500.00,531.93,1,76,556,39593,35523,48,60
2024-05-27,host1.com.au,[04804C6C-4237-4AB7-B520-4C19483BFB98],9.2.0,500.00,193.68,0,94,607,21232,47472,44,67
2024-05-26,host1.com.au,[04804C6C-4237-4AB7-B520-4C19483BFB98],9.2.0,500.00,197.31,0,80,621,41801,36765,29,50
2024-05-25,host1.com.au,[04804C6C-4237-4AB7-B520-4C19483BFB98],9.2.0,500.00,178.44,0,62,631,16182,38890,68,42
2024-05-24,host1.com.au,[04804C6C-4237-4AB7-B520-4C19483BFB98],9.2.0,500.00,31.96,0,62,681,36979,19237,44,52
2024-05-23,host1.com.au,[04804C6C-4237-4AB7-B520-4C19483BFB98],9.2.0,500.00,263.58,0,73,599,26840,27954,27,76
2024-05-22,host1.com.au,[04804C6C-4237-4AB7-B520-4C19483BFB98],9.2.0,500.00,318.45,0,54,583,39141,16955,35,118
2024-05-21,host1.com.au,[04804C6C-4237-4AB7-B520-4C19483BFB98],9.2.0,500.00,618.29,1,96,532,20463,38417,21,110
2024-05-20,host1.com.au,[04804C6C-4237-4AB7-B520-4C19483BFB98],9.2.0,500.00,96.65,0,80,709,14156,24526,75,30
2024-05-19,host1.com.au,[04804C6C-4237-4AB7-B520-4C19483BFB98],9.2.0,500.00,399.27,0,91,749,39334,12208,19,99
2024-05-18,host1.com.au,[04804C6C-4237-4AB7-B520-4C19483BFB98],9.2.0,500.00,133.49,0,95,589,40807,32850,46,25
2024-05-17,host1.com.au,[04804C6C-4237-4AB7-B520-4C19483BFB98],9.2.0,500.00,128.12,0,70,527,35515,30719,58,102
2024-05-16,host1.com.au,[04804C6C-4237-4AB7-B520-4C19483BFB98],9.2.0,500.00,137.40,0,54,617,26163,18251,10,70
2024-05-15,host1.com.au,[04804C6C-4237-4AB7-B520-4C19483BFB98],9.2.0,500.00,132.61,0,69,504,21067,46473,55,39
2024-05-14,host1.com.au,[04804C6C-4237-4AB7-B520-4C19483BFB98],9.2.0,500.00,341.80,0,90,729,26807,12168,28,84
2024-05-13,host1.com.au,[04804C6C-4237-4AB7-B520-4C19483BFB98],9.2.0,500.00,611.16,1,65,694,32998,12674,33,114
2024-05-12,host1.com.au,[04804C6C-4237-4AB7-B520-4C19483BFB98],9.2.0,500.00,533.15,1,62,661,45177,16929,31,105
2024-05-11,host1.com.au,[04804C6C-4237-4AB7-B520-4C19483BFB98],9.2.0,500.00,42.67,0,69,574,23869,12530,26,65
2024-05-10,host1.com.au,[04804C6C-4237-4AB7-B520-4C19483BFB98],9.2.0,500.00,371.52,0,68,500,14840,43793,38,99
2024-05-09,host1.com.au,[04804C6C-4237-4AB7-B520-4C19483BFB98],9.2.0,500.00,509.67,1,78,501,14007,19559,57,62
2024-05-08,host1.com.au,[04804C6C-4237-4AB7-B520-4C19483BFB98],9.2.0,500.00,39.45,0,59,512,29429,25754,20,80
2024-05-07,host1.com.au,[04804C6C-4237-4AB7-B520-4C19483BFB98],9.2.0,500.00,367.42,0,52,605,44010,26635,30,78
2024-05-06,host1.com.au,[04804C6C-4237-4AB7-B520-4C19483BFB98],9.2.0,500.00,241.14,0,98,685,46419,15855,65,60
2024-05-05,host1.com.au,[04804C6C-4237-4AB7-B520-4C19483BFB98],9.2.0,500.00,381.71,0,64,651,14004,12537,65,40
2024-05-04,host1.com.au,[04804C6C-4237-4AB7-B520-4C19483BFB98],9.2.0,500.00,255.23,0,90,529,45203,33509,44,112
2024-05-03,host1.com.au,[04804C6C-4237-4AB7-B520-4C19483BFB98],9.2.0,500.00,419.25,0,84,606,23947,32258,70,117
2024-05-02,host1.com.au,[04804C6C-4237-4AB7-B520-4C19483BFB98],9.2.0,500.00,440.20,0,66,610,20298,14730,29,103
2024-05-01,host1.com.au,[04804C6C-4237-4AB7-B520-4C19483BFB98],9.2.0,500.00,497.92,0,65,619,31349,41772,55,25
2024-04-30,host1.com.au,[04804C6C-4237-4AB7-B520-4C19483BFB98],9.2.0,500.00,211.60,0,99,578,24947,43785,44,58
2024-04-29,host1.com.au,[04804C6C-4237-4AB7-B520-4C19483BFB98],9.2.0,500.00,480.77,0,72,521,44408,36825,6,75
2024-04-28,host1.com.au,[04804C6C-4237-4AB7-B520-4C19483BFB98],9.2.0,500.00,221.89,0,93,726,29197,16659,70,80
2024-04-27,host1.com.au,[04804C6C-4237-4AB7-B520-4C19483BFB98],9.2.0,500.00,28.85,0,54,743,13376,36747,44,34
2024-04-26,host1.com.au,[04804C6C-4237-4AB7-B520-4C19483BFB98],9.2.0,500.00,432.74,0,64,608,12763,25058,69,34
2024-04-25,host1.com.au,[04804C6C-4237-4AB7-B520-4C19483BFB98],9.2.0,500.00,175.23,0,68,525,35975,22609,46,37
2024-04-24,host1.com.au,[04804C6C-4237-4AB7-B520-4C19483BFB98],9.2.0,500.00,141.12,0,84,536,24934,13868,71,62
2024-04-23,host1.com.au,[04804C6C-4237-4AB7-B520-4C19483BFB98],9.2.0,500.00,82.74,0,79,507,44123,42674,26,47
2024-04-22,host1.com.au,[04804C6C-4237-4AB7-B520-4C19483BFB98],9.2.0,500.00,57.17,0,88,633,32003,21445,50,65
2024-04-21,host1.com.au,[04804C6C-4237-4AB7-B520-4C19483BFB98],9.2.0,500.00,394.99,0,51,510,32288,44683,12,106
2024-04-20,host1.com.au,[04804C6C-4237-4AB7-B520-4C19483BFB98],9.2.0,500.00,431.21,0,96,552,43992,33767,63,45
2024-04-19,host1.com.au,[04804C6C-4237-4AB7-B520-4C19483BFB98],9.2.0,500.00,137.12,0,78,655,35214,23704,7,42
2024-04-18,host1.com.au,[04804C6C-4237-4AB7-B520-4C19483BFB98],9.2.0,500.00,183.11,0,92,719,24982,31271,33,34
2024-04-17,host1.com.au,[04804C6C-4237-4AB7-B520-4C19483BFB98],9.2.0,500.00,264.35,0,100,689,28347,13189,8,92
2024-04-16,host1.com.au,[04804C6C-4237-4AB7-B520-4C19483BFB98],9.2.0,500.00,340.67,0,100,511,13226,32799,31,48
2024-04-15,host1.com.au,[04804C6C-4237-4AB7-B520-4C19483BFB98],9.2.0,500.00,528.05,1,95,709,39015,33313,57,56
2024-04-14,host1.com.au,[04804C6C-4237-4AB7-B520-4C19483BFB98],9.2.0,500.00,130.24,0,90,719,40085,40839,40,51
2024-04-13,host1.com.au,[04804C6C-4237-4AB7-B520-4C19483BFB98],9.2.0,500.00,511.80,1,52,722,17128,37981,50,67
2024-04-12,host1.com.au,[04804C6C-4237-4AB7-B520-4C19483BFB98],9.2.0,500.00,101.64,0,76,746,35136,12643,12,69
2024-04-11,host1.com.au,[04804C6C-4237-4AB7-B520-4C19483BFB98],9.2.0,500.00,517.79,1,63,540,46956,32734,17,81
2024-04-10,host1.com.au,[04804C6C-4237-4AB7-B520-4C19483BFB98],9.2.0,500.00,555.70,1,92,672,16603,23761,74,71
2024-04-09,host1.com.au,[04804C6C-4237-4AB7-B520-4C19483BFB98],9.2.0,500.00,214.38,0,66,503,21394,16560,6,113
2024-04-08,host1.com.au,[04804C6C-4237-4AB7-B520-4C19483BFB98],9.2.0,500.00,581.13,1,74,626,18980,24173,47,59
2024-04-07,host1.com.au,[04804C6C-4237-4AB7-B520-4C19483BFB98],9.2.0,500.00,199.48,0,70,558,45653,44165,6,123
2024-04-06,host1.com.au,[04804C6C-4237-4AB7-B520-4C19483BFB98],9.2.0,500.00,213.45,0,76,521,42868,19953,27,79
2024-04-05,host1.com.au,[04804C6C-4237-4AB7-B520-4C19483BFB98],9.2.0,500.00,124.25,0,68,641,20155,39304,71,91
2024-04-04,host1.com.au,[04804C6C-4237-4AB7-B520-4C19483BFB98],9.2.0,500.00,376.72,0,76,708,42474,47588,37,109
2024-04-03,host1.com.au,[04804C6C-4237-4AB7-B520-4C19483BFB98],9.2.0,500.00,332.35,0,50,542,32713,30521,41,30
2024-04-02,host1.com.au,[04804C6C-4237-4AB7-B520-4C19483BFB98],9.2.0,500.00,383.16,0,53,570,35476,33252,44,83
2024-04-01,host1.com.au,[04804C6C-4237-4AB7-B520-4C19483BFB98],9.2.0,500.00,74.78,0,51,602,36868,10720,41,55
2024-03-31,host1.com.au,[04804C6C-4237-4AB7-B520-4C19483BFB98],9.2.0,500.00,607.08,1,65,546,19459,17791,5,93
2024-03-30,host1.com.au,[04804C6C-4237-4AB7-B520-4C19483BFB98],9.2.0,500.00,578.73,1,98,651,23967,44033,32,25
2024-03-29,host1.com.au,[04804C6C-4237-4AB7-B520-4C19483BFB98],9.2.0,500.00,10.61,0,75,606,32488,34011,25,25
2024-03-28,host1.com.au,[04804C6C-4237-4AB7-B520-4C19483BFB98],9.2.0,500.00,485.59,0,86,593,27580,42815,19,90
2024-03-27,host1.com.au,[04804C6C-4237-4AB7-B520-4C19483BFB98],9.2.0,500.00,336.54,0,77,685,18553,37598,13,39
2024-03-26,host1.com.au,[04804C6C-4237-4AB7-B520-4C19483BFB98],9.2.0,500.00,581.81,1,68,697,44639,12707,6,61
2024-03-25,host1.com.au,[04804C6C-4237-4AB7-B520-4C19483BFB98],9.2.0,500.00,581.81,1,62,732,20330,32219,61,125
2024-03-24,host1.com.au,[04804C6C-4237-4AB7-B520-4C19483BFB98],9.2.0,500.00,200.87,0,51,660,31595,35483,15,102
2024-03-23,host1.com.au,[04804C6C-4237-4AB7-B520-4C19483BFB98],9.2.0,500.00,348.16,0,91,517,21862,33336,35,58
2024-03-22,host1.com.au,[04804C6C-4237-4AB7-B520-4C19483BFB98],9.2.0,500.00,523.46,1,63,559,40810,26147,21,109
2024-03-21,host1.com.au,[04804C6C-4237-4AB7-B520-4C19483BFB98],9.2.0,500.00,85.52,0,52,556,43494,30447,50,115
2024-03-20,host1.com.au,[04804C6C-4237-4AB7-B520-4C19483BFB98],9.2.0,500.00,255.34,0,52,709,36695,23167,46,116
2024-03-19,host1.com.au,[04804C6C-4237-4AB7-B520-4C19483BFB98],9.2.0,500.00,331.24,0,69,661,48935,26011,34,120
2024-03-18,host1.com.au,[04804C6C-4237-4AB7-B520-4C19483BFB98],9.2.0,500.00,596.93,1,58,600,21834,48775,39,110
2024-03-17,host1.com.au,[04804C6C-4237-4AB7-B520-4C19483BFB98],9.2.0,500.00,457.70,0,64,524,11198,22204,18,99
2024-03-16,host1.com.au,[04804C6C-4237-4AB7-B520-4C19483BFB98],9.2.0,500.00,242.43,0,64,562,47130,10449,70,57
2024-03-15,host1.com.au,[04804C6C-4237-4AB7-B520-4C19483BFB98],9.2.0,500.00,148.71,0,93,585,32691,48523,34,26
2024-03-14,host1.com.au,[04804C6C-4237-4AB7-B520-4C19483BFB98],9.2.0,500.00,27.67,0,61,592,21005,32316,27,103
2024-03-13,host1.com.au,[04804C6C-4237-4AB7-B520-4C19483BFB98],9.2.0,500.00,485.66,0,98,574,36218,35884,8,95
2024-03-12,host1.com.au,[04804C6C-4237-4AB7-B520-4C19483BFB98],9.2.0,500.00,294.36,0,83,500,19520,29649,34,38
2024-03-11,host1.com.au,[04804C6C-4237-4AB7-B520-4C19483BFB98],9.2.0,500.00,67.28,0,80,698,30678,16143,57,84
2024-03-10,host1.com.au,[04804C6C-4237-4AB7-B520-4C19483BFB98],9.2.0,500.00,122.71,0,89,638,27146,37478,75,81
2024-03-09,host1.com.au,[04804C6C-4237-4AB7-B520-4C19483BFB98],9.2.0,500.00,69.12,0,74,748,37203,13630,13,80
2024-03-08,host1.com.au,[04804C6C-4237-4AB7-B520-4C19483BFB98],9.2.0,500.00,138.39,0,81,565,26014,27364,31,71
2024-03-07,host1.com.au,[04804C6C-4237-4AB7-B520-4C19483BFB98],9.2.0,500.00,397.54,0,83,580,37302,24517,36,107
2024-03-06,host1.com.au,[04804C6C-4237-4AB7-B520-4C19483BFB98],9.2.0,500.00,188.78,0,88,603,38307,16189,74,124
2024-03-05,host1.com.au,[04804C6C-4237-4AB7-B520-4C19483BFB98],9.2.0,500.00,74.68,0,70,507,38764,13768,59,81
2024-03-04,host1.com.au,[04804C6C-4237-4AB7-B520-4C19483BFB98],9.2.0,500.00,395.82,0,76,656,38106,24849,59,112
2024-03-03,host1.com.au,[04804C6C-4237-4AB7-B520-4C19483BFB98],9.2.0,500.00,529.74,1,76,732,42288,29948,25,59
2024-03-02,host1.com.au,[04804C6C-4237-4AB7-B520-4C19483BFB98],9.2.0,500.00,301.54,0,67,582,39217,37041,45,52
2024-03-01,host1.com.au,[04804C6C-4237-4AB7-B520-4C19483BFB98],9.2.0,500.00,306.93,0,82,723,12956,11120,45,48
2024-02-29,host1.com.au,[04804C6C-4237-4AB7-B520-4C19483BFB98],9.2.0,500.00,74.63,0,73,509,13071,28404,44,81
2024-02-28,host1.com.au,[04804C6C-4237-4AB7-B520-4C19483BFB98],9.2.0,500.00,499.17,0,54,676,26977,36006,12,118
2024-02-27,host1.com.au,[04804C6C-4237-4AB7-B520-4C19483BFB98],9.2.0,500.00,89.33,0,70,673,28675,24480,46,111
2024-02-26,host1.com.au,[04804C6C-4237-4AB7-B520-4C19483BFB98],9.2.0,500.00,372.53,0,61,582,21643,32412,42,47
2024-02-25,host1.com.au,[04804C6C-4237-4AB7-B520-4C19483BFB98],9.2.0,500.00,260.00,0,92,621,46336,47373,72,53
2024-02-24,host1.com.au,[04804C6C-4237-4AB7-B520-4C19483BFB98],9.2.0,500.00,7.72,0,68,551,29629,10067,74,99
2024-02-23,host1.com.au,[04804C6C-4237-4AB7-B520-4C19483BFB98],9.2.0,500.00,539.10,1,82,552,46850,44062,56,94
2024-02-22,host1.com.au,[04804C6C-4237-4AB7-B520-4C19483BFB98],9.2.0,500.00,384.67,0,69,674,10255,18376,66,43
2024-02-21,host1.com.au,[04804C6C-4237-4AB7-B520-4C19483BFB98],9.2.0,500.00,228.01,0,62,644,44357,24039,61,92
2024-02-20,host1.com.au,[04804C6C-4237-4AB7-B520-4C19483BFB98],9.2.0,500.00,5.89,0,94,691,35139,41896,43,114
2024-02-19,host1.com.au,[04804C6C-4237-4AB7-B520-4C19483BFB98],9.2.0,500.00,519.90,1,67,517,16568,28860,50,90
2024-02-18,host1.com.au,[04804C6C-4237-4AB7-B520-4C19483BFB98],9.2.0,500.00,279.34,0,90,742,24138,13593,32,61
2024-02-17,host1.com.au,[04804C6C-4237-4AB7-B520-4C19483BFB98],9.2.0,500.00,32.70,0,70,635,23637,39666,54,109
2024-02-16,host1.com.au,[04804C6C-4237-4AB7-B520-4C19483BFB98],9.2.0,500.00,94.68,0,95,505,37120,27245,46,107
2024-02-15,host1.com.au,[04804C6C-4237-4AB7-B520-4C19483BFB98],9.2.0,500.00,84.97,0,54,748,33021,17376,46,115
2024-02-14,host1.com.au,[04804C6C-4237-4AB7-B520-4C19483BFB98],9.2.0,500.00,261.10,0,57,623,16177,40307,48,27
2024-02-13,host1.com.au,[04804C6C-4237-4AB7-B520-4C19483BFB98],9.2.0,500.00,102.52,0,73,680,39238,48209,24,53
2024-02-12,host1.com.au,[04804C6C-4237-4AB7-B520-4C19483BFB98],9.2.0,500.00,445.50,0,78,695,12433,33817,70,67
2024-02-11,host1.com.au,[04804C6C-4237-4AB7-B520-4C19483BFB98],9.2.0,500.00,599.77,1,86,584,25226,36519,30,68
2024-02-10,host1.com.au,[04804C6C-4237-4AB7-B520-4C19483BFB98],9.2.0,500.00,619.98,1,86,649,35138,41020,14,33
2024-02-09,host1.com.au,[04804C6C-4237-4AB7-B520-4C19483BFB98],9.2.0,500.00,255.28,0,73,657,34198,30537,61,33
2024-02-08,host1.com.au,[04804C6C-4237-4AB7-B520-4C19483BFB98],9.2.0,500.00,405.28,0,83,546,14307,16829,62,85
2024-02-07,host1.com.au,[04804C6C-4237-4AB7-B520-4C19483BFB98],9.2.0,500.00,397.55,0,59,641,13403,36099,30,51
2024-02-06,host1.com.au,[04804C6C-4237-4AB7-B520-4C19483BFB98],9.2.0,500.00,284.51,0,90,734,30986,19268,24,68
2024-02-05,host1.com.au,[04804C6C-4237-4AB7-B520-4C19483BFB98],9.2.0,500.00,68.89,0,93,679,45413,29712,8,100
2024-02-04,host1.com.au,[04804C6C-4237-4AB7-B520-4C19483BFB98],9.2.0,500.00,547.91,1,71,564,16228,43762,17,43
2024-02-03,host1.com.au,[04804C6C-4237-4AB7-B520-4C19483BFB98],9.2.0,500.00,343.78,0,98,724,46368,40802,36,53
2024-02-02,host1.com.au,[04804C6C-4237-4AB7-B520-4C19483BFB98],9.2.0,500.00,103.55,0,85,716,18456,47411,21,41
2024-02-01,host1.com.au,[04804C6C-4237-4AB7-B520-4C19483BFB98],9.2.0,500.00,195.21,0,79,572,29042,47434,63,116
2024-01-31,host1.com.au,[04804C6C-4237-4AB7-B520-4C19483BFB98],9.2.0,500.00,386.41,0,70,677,14668,44936,17,121
2024-01-30,host1.com.au,[04804C6C-4237-4AB7-B520-4C19483BFB98],9.2.0,500.00,321.20,0,65,589,20938,40102,65,49
2024-01-29,host1.com.au,[04804C6C-4237-4AB7-B520-4C19483BFB98],9.2.0,500.00,65.47,0,52,665,23261,43729,34,55
2024-01-28,host1.com.au,[04804C6C-4237-4AB7-B520-4C19483BFB98],9.2.0,500.00,604.46,1,76,716,41620,29616,6,68
2024-01-27,host1.com.au,[04804C6C-4237-4AB7-B520-4C19483BFB98],9.2.0,500.00,139.02,0,61,513,48478,17302,41,61
2024-01-26,host1.com.au,[04804C6C-4237-4AB7-B520-4C19483BFB98],9.2.0,500.00,388.70,0,91,582,28581,44172,42,52
2024-01-25,host1.com.au,[04804C6C-4237-4AB7-B520-4C19483BFB98],9.2.0,500.00,602.96,1,77,726,32257,42542,43,25
2024-01-24,host1.com.au,[04804C6C-4237-4AB7-B520-4C19483BFB98],9.2.0,500.00,346.49,0,85,685,17725,16546,47,28
2024-01-23,host1.com.au,[04804C6C-4237-4AB7-B520-4C19483BFB98],9.2.0,500.00,211.59,0,100,637,33255,11507,18,72
2024-01-22,host1.com.au,[04804C6C-4237-4AB7-B520-4C19483BFB98],9.2.0,500.00,128.26,0,80,507,39787,19521,70,118
2024-01-21,host1.com.au,[04804C6C-4237-4AB7-B520-4C19483BFB98],9.2.0,500.00,226.21,0,76,526,14818,40574,10,121
2024-01-20,host1.com.au,[04804C6C-4237-4AB7-B520-4C19483BFB98],9.2.0,500.00,456.21,0,63,619,25035,32458,61,62
2024-01-19,host1.com.au,[04804C6C-4237-4AB7-B520-4C19483BFB98],9.2.0,500.00,574.34,1,96,550,17937,41218,17,75
2024-01-18,host1.com.au,[04804C6C-4237-4AB7-B520-4C19483BFB98],9.2.0,500.00,49.03,0,56,621,13309,11196,18,88
2024-01-17,host1.com.au,[04804C6C-4237-4AB7-B520-4C19483BFB98],9.2.0,500.00,143.34,0,60,689,15208,11593,35,26
2024-01-16,host1.com.au,[04804C6C-4237-4AB7-B520-4C19483BFB98],9.2.0,500.00,40.33,0,93,709,20717,29957,37,116
2024-01-15,host1.com.au,[04804C6C-4237-4AB7-B520-4C19483BFB98],9.2.0,500.00,493.09,0,94,560,13320,37361,70,99
2024-01-14,host1.com.au,[04804C6C-4237-4AB7-B520-4C19483BFB98],9.2.0,500.00,466.57,0,67,568,35886,14796,7,95
2024-01-13,host1.com.au,[04804C6C-4237-4AB7-B520-4C19483BFB98],9.2.0,500.00,181.38,0,98,645,32193,30474,30,41
2024-01-12,host1.com.au,[04804C6C-4237-4AB7-B520-4C19483BFB98],9.2.0,500.00,182.97,0,83,733,42350,24074,40,50
2024-01-11,host1.com.au,[04804C6C-4237-4AB7-B520-4C19483BFB98],9.2.0,500.00,546.56,1,63,607,14198,26849,73,76
2024-01-10,host1.com.au,[04804C6C-4237-4AB7-B520-4C19483BFB98],9.2.0,500.00,467.73,0,90,711,32016,36504,15,90
2024-01-09,host1.com.au,[04804C6C-4237-4AB7-B520-4C19483BFB98],9.2.0,500.00,101.68,0,60,518,18026,42129,65,43
2024-01-08,host1.com.au,[04804C6C-4237-4AB7-B520-4C19483BFB98],9.2.0,500.00,495.67,0,53,545,18723,43953,26,62
2024-01-07,host1.com.au,[04804C6C-4237-4AB7-B520-4C19483BFB98],9.2.0,500.00,245.79,0,79,559,20524,45368,59,115
2024-01-06,host1.com.au,[04804C6C-4237-4AB7-B520-4C19483BFB98],9.2.0,500.00,518.91,1,62,605,37691,34045,50,91
2024-01-05,host1.com.au,[04804C6C-4237-4AB7-B520-4C19483BFB98],9.2.0,500.00,532.39,1,93,687,44075,46113,33,49
2024-01-04,host1.com.au,[04804C6C-4237-4AB7-B520-4C19483BFB98],9.2.0,500.00,45.81,0,64,682,22558,34905,36,68
2024-01-03,host1.com.au,[04804C6C-4237-4AB7-B520-4C19483BFB98],9.2.0,500.00,149.20,0,53,565,11819,25966,44,42
2024-01-02,host1.com.au,[04804C6C-4237-4AB7-B520-4C19483BFB98],9.2.0,500.00,295.48,0,68,526,46491,16668,8,94
2024-01-01,host1.com.au,[04804C6C-4237-4AB7-B520-4C19483BFB98],9.2.0,500.00,61.48,0,84,549,25036,11285,21,107
2023-12-31,host1.com.au,[04804C6C-4237-4AB7-B520-4C19483BFB98],9.1.0,500.00,474.77,0,72,735,25820,48859,72,57
2023-12-30,host1.com.au,[04804C6C-4237-4AB7-B520-4C19483BFB98],9.1.0,500.00,200.16,0,87,727,35617,49562,34,29
2023-12-29,host1.com.au,[04804C6C-4237-4AB7-B520-4C19483BFB98],9.1.0,500.00,207.62,0,60,517,31816,42621,32,86
2023-12-28,host1.com.au,[04804C6C-4237-4AB7-B520-4C19483BFB98],9.1.0,500.00,340.61,0,63,602,26459,14937,56,63
2023-12-27,host1.com.au,[04804C6C-4237-4AB7-B520-4C19483BFB98],9.1.0,500.00,229.67,0,64,529,29063,12997,59,72
2023-12-26,host1.com.au,[04804C6C-4237-4AB7-B520-4C19483BFB98],9.1.0,500.00,608.09,1,60,581,20817,21732,32,80
2023-12-25,host1.com.au,[04804C6C-4237-4AB7-B520-4C19483BFB98],9.1.0,500.00,36.10,0,83,734,27280,14591,48,37
2023-12-24,host1.com.au,[04804C6C-4237-4AB7-B520-4C19483BFB98],9.1.0,500.00,110.82,0,59,700,31900,13866,62,103
2023-12-23,host1.com.au,[04804C6C-4237-4AB7-B520-4C19483BFB98],9.1.0,500.00,38.77,0,81,740,43616,10638,73,59
2023-12-22,host1.com.au,[04804C6C-4237-4AB7-B520-4C19483BFB98],9.1.0,500.00,489.41,0,67,541,32984,36432,21,49
2023-12-21,host1.com.au,[04804C6C-4237-4AB7-B520-4C19483BFB98],9.1.0,500.00,60.67,0,66,677,23687,25976,41,82
2023-12-20,host1.com.au,[04804C6C-4237-4AB7-B520-4C19483BFB98],9.1.0,500.00,31.27,0,59,523,38177,27143,28,54
2023-12-19,host1.com.au,[04804C6C-4237-4AB7-B520-4C19483BFB98],9.1.0,500.00,142.12,0,53,574,45538,33827,66,63
2023-12-18,host1.com.au,[04804C6C-4237-4AB7-B520-4C19483BFB98],9.1.0,500.00,484.03,0,73,555,22986,48214,46,117
2023-12-17,host1.com.au,[04804C6C-4237-4AB7-B520-4C19483BFB98],9.1.0,500.00,464.78,0,80,527,44876,28241,47,30
2023-12-16,host1.com.au,[04804C6C-4237-4AB7-B520-4C19483BFB98],9.1.0,500.00,520.94,1,51,631,29152,25831,46,34
2023-12-15,host1.com.au,[04804C6C-4237-4AB7-B520-4C19483BFB98],9.1.0,500.00,417.17,0,61,675,29292,47161,10,78
2023-12-14,host1.com.au,[04804C6C-4237-4AB7-B520-4C19483BFB98],9.1.0,500.00,163.79,0,67,506,24403,48545,56,38
2023-12-13,host1.com.au,[04804C6C-4237-4AB7-B520-4C19483BFB98],9.1.0,500.00,450.08,0,76,673,22257,42749,51,117
2023-12-12,host1.com.au,[04804C6C-4237-4AB7-B520-4C19483BFB98],9.1.0,500.00,233.62,0,70,524,40270,11921,50,25
2023-12-11,host1.com.au,[04804C6C-4237-4AB7-B520-4C19483BFB98],9.1.0,500.00,544.79,1,53,651,10276,35685,11,53
2023-12-10,host1.com.au,[04804C6C-4237-4AB7-B520-4C19483BFB98],9.1.0,500.00,399.09,0,52,689,14536,27432,27,53
2023-12-09,host1.com.au,[04804C6C-4237-4AB7-B520-4C19483BFB98],9.1.0,500.00,373.89,0,83,732,41298,48144,22,43
2023-12-08,host1.com.au,[04804C6C-4237-4AB7-B520-4C19483BFB98],9.1.0,500.00,608.96,1,77,519,17185,39509,52,41
2023-12-07,host1.com.au,[04804C6C-4237-4AB7-B520-4C19483BFB98],9.1.0,500.00,594.54,1,55,695,13660,33196,41,57
2023-12-06,host1.com.au,[04804C6C-4237-4AB7-B520-4C19483BFB98],9.1.0,500.00,492.61,0,56,549,45420,45485,23,53
2023-12-05,host1.com.au,[04804C6C-4237-4AB7-B520-4C19483BFB98],9.1.0,500.00,215.08,0,67,695,32194,43615,35,55
2023-12-04,host1.com.au,[04804C6C-4237-4AB7-B520-4C19483BFB98],9.1.0,500.00,138.58,0,56,686,48554,24197,28,80
2023-12-03,host1.com.au,[04804C6C-4237-4AB7-B520-4C19483BFB98],9.1.0,500.00,271.31,0,89,592,32315,22329,7,54
2023-12-02,host1.com.au,[04804C6C-4237-4AB7-B520-4C19483BFB98],9.1.0,500.00,579.82,1,62,743,21978,48525,30,72
2023-12-01,host1.com.au,[04804C6C-4237-4AB7-B520-4C19483BFB98],9.1.0,500.00,199.58,0,63,577,13318,39981,35,121
2023-11-30,host1.com.au,[04804C6C-4237-4AB7-B520-4C19483BFB98],9.1.0,500.00,97.72,0,54,553,37711,11860,36,74
2023-11-29,host1.com.au,[04804C6C-4237-4AB7-B520-4C19483BFB98],9.1.0,500.00,428.81,0,93,635,21542,21199,27,49
2023-11-28,host1.com.au,[04804C6C-4237-4AB7-B520-4C19483BFB98],9.1.0,500.00,567.20,1,69,553,20392,32166,54,120
2023-11-27,host1.com.au,[04804C6C-4237-4AB7-B520-4C19483BFB98],9.1.0,500.00,163.09,0,70,746,18801,22399,51,53
2023-11-26,host1.com.au,[04804C6C-4237-4AB7-B520-4C19483BFB98],9.1.0,500.00,308.00,0,59,514,49629,17973,34,111
2023-11-25,host1.com.au,[04804C6C-4237-4AB7-B520-4C19483BFB98],9.1.0,500.00,27.89,0,83,730,36028,34518,32,50
2023-11-24,host1.com.au,[04804C6C-4237-4AB7-B520-4C19483BFB98],9.1.0,500.00,495.23,0,64,624,27554,26043,42,86
2023-11-23,host1.com.au,[04804C6C-4237-4AB7-B520-4C19483BFB98],9.1.0,500.00,271.00,0,92,629,23754,19183,50,92
2023-11-22,host1.com.au,[04804C6C-4237-4AB7-B520-4C19483BFB98],9.1.0,500.00,295.15,0,66,559,33078,18101,75,96
2023-11-21,host1.com.au,[04804C6C-4237-4AB7-B520-4C19483BFB98],9.1.0,500.00,531.38,1,61,509,22633,25425,19,79
2023-11-20,host1.com.au,[04804C6C-4237-4AB7-B520-4C19483BFB98],9.1.0,500.00,231.26,0,65,691,45773,44967,28,118
2023-11-19,host1.com.au,[04804C6C-4237-4AB7-B520-4C19483BFB98],9.1.0,500.00,225.29,0,86,539,31780,16204,58,43
2023-11-18,host1.com.au,[04804C6C-4237-4AB7-B520-4C19483BFB98],9.1.0,500.00,391.41,0,62,512,37420,37908,35,115
2023-11-17,host1.com.au,[04804C6C-4237-4AB7-B520-4C19483BFB98],9.1.0,500.00,512.75,1,56,690,46117,43661,19,77
2023-11-16,host1.com.au,[04804C6C-4237-4AB7-B520-4C19483BFB98],9.1.0,500.00,177.24,0,57,630,25307,25432,28,41
2023-11-15,host1.com.au,[04804C6C-4237-4AB7-B520-4C19483BFB98],9.1.0,500.00,327.26,0,86,504,14923,28203,71,60
2023-11-14,host1.com.au,[04804C6C-4237-4AB7-B520-4C19483BFB98],9.1.0,500.00,212.01,0,93,732,44648,44139,62,62
2023-11-13,host1.com.au,[04804C6C-4237-4AB7-B520-4C19483BFB98],9.1.0,500.00,30.50,0,61,697,30735,49309,68,68
2023-11-12,host1.com.au,[04804C6C-4237-4AB7-B520-4C19483BFB98],9.1.0,500.00,36.48,0,67,712,31154,20308,74,33
2023-11-11,host1.com.au,[04804C6C-4237-4AB7-B520-4C19483BFB98],9.1.0,500.00,286.45,0,78,585,49692,37517,24,59
2023-11-10,host1.com.au,[04804C6C-4237-4AB7-B520-4C19483BFB98],9.1.0,500.00,413.13,0,51,658,47649,11200,17,75
2023-11-09,host1.com.au,[04804C6C-4237-4AB7-B520-4C19483BFB98],9.1.0,500.00,493.53,0,88,612,37887,25367,58,59
2023-11-08,host1.com.au,[04804C6C-4237-4AB7-B520-4C19483BFB98],9.1.0,500.00,322.23,0,70,588,25754,24546,8,80
2023-11-07,host1.com.au,[04804C6C-4237-4AB7-B520-4C19483BFB98],9.1.0,500.00,95.75,0,80,519,16422,36776,36,72
2023-11-06,host1.com.au,[04804C6C-4237-4AB7-B520-4C19483BFB98],9.1.0,500.00,276.10,0,75,687,20473,28968,15,92
2023-11-05,host1.com.au,[04804C6C-4237-4AB7-B520-4C19483BFB98],9.1.0,500.00,84.26,0,97,680,12864,39722,14,102
2023-11-04,host1.com.au,[04804C6C-4237-4AB7-B520-4C19483BFB98],9.1.0,500.00,391.59,0,75,680,44384,39314,49,51
2023-11-03,host1.com.au,[04804C6C-4237-4AB7-B520-4C19483BFB98],9.1.0,500.00,49.95,0,57,544,39732,40223,36,74
2023-11-02,host1.com.au,[04804C6C-4237-4AB7-B520-4C19483BFB98],9.1.0,500.00,375.19,0,59,683,12317,14141,41,45
2023-11-01,host1.com.au,[04804C6C-4237-4AB7-B520-4C19483BFB98],9.1.0,500.00,14.30,0,95,718,31811,48301,56,117
2023-10-31,host1.com.au,[04804C6C-4237-4AB7-B520-4C19483BFB98],9.1.0,500.00,119.39,0,65,696,40941,22524,63,25
2023-10-30,host1.com.au,[04804C6C-4237-4AB7-B520-4C19483BFB98],9.1.0,500.00,438.94,0,87,725,33028,47112,13,86
2023-10-29,host1.com.au,[04804C6C-4237-4AB7-B520-4C19483BFB98],9.1.0,500.00,350.84,0,78,681,14659,18331,27,29
2023-10-28,host1.com.au,[04804C6C-4237-4AB7-B520-4C19483BFB98],9.1.0,500.00,113.60,0,65,560,29607,46577,11,106
2023-10-27,host1.com.au,[04804C6C-4237-4AB7-B520-4C19483BFB98],9.1.0,500.00,530.57,1,51,634,49668,13773,59,42
2023-10-26,host1.com.au,[04804C6C-4237-4AB7-B520-4C19483BFB98],9.1.0,500.00,220.10,0,75,598,40904,45826,57,72
2023-10-25,host1.com.au,[04804C6C-4237-4AB7-B520-4C19483BFB98],9.1.0,500.00,270.63,0,63,558,43097,44100,20,90
2023-10-24,host1.com.au,[04804C6C-4237-4AB7-B520-4C19483BFB98],9.1.0,500.00,377.63,0,51,738,20933,45601,18,28
2023-10-23,host1.com.au,[04804C6C-4237-4AB7-B520-4C19483BFB98],9.1.0,500.00,605.30,1,58,615,18974,24213,64,25
2023-10-22,host1.com.au,[04804C6C-4237-4AB7-B520-4C19483BFB98],9.1.0,500.00,565.90,1,98,587,32864,42295,40,25
2023-10-21,host1.com.au,[04804C6C-4237-4AB7-B520-4C19483BFB98],9.1.0,500.00,507.17,1,52,678,14016,27201,32,89
2023-10-20,host1.com.au,[04804C6C-4237-4AB7-B520-4C19483BFB98],9.1.0,500.00,66.01,0,72,650,37618,45602,8,64
2023-10-19,host1.com.au,[04804C6C-4237-4AB7-B520-4C19483BFB98],9.1.0,500.00,385.70,0,69,636,34459,30336,60,71
2023-10-18,host1.com.au,[04804C6C-4237-4AB7-B520-4C19483BFB98],9.1.0,500.00,443.54,0,98,560,49925,11336,12,54
2023-10-17,host1.com.au,[04804C6C-4237-4AB7-B520-4C19483BFB98],9.1.0,500.00,95.51,0,71,697,33982,47010,56,93
2023-10-16,host1.com.au,[04804C6C-4237-4AB7-B520-4C19483BFB98],9.1.0,500.00,212.31,0,76,612,45708,25591,56,47
2023-10-15,host1.com.au,[04804C6C-4237-4AB7-B520-4C19483BFB98],9.1.0,500.00,250.77,0,53,584,31801,20277,65,107
2023-10-14,host1.com.au,[04804C6C-4237-4AB7-B520-4C19483BFB98],9.1.0,500.00,214.85,0,63,617,28348,35847,21,44
2023-10-13,host1.com.au,[04804C6C-4237-4AB7-B520-4C19483BFB98],9.1.0,500.00,560.20,1,81,520,24538,10298,52,97
2023-10-12,host1.com.au,[04804C6C-4237-4AB7-B520-4C19483BFB98],9.1.0,500.00,294.48,0,79,547,49176,13069,38,54
2023-10-11,host1.com.au,[04804C6C-4237-4AB7-B520-4C19483BFB98],9.1.0,500.00,158.95,0,71,642,36413,11306,35,61
2023-10-10,host1.com.au,[04804C6C-4237-4AB7-B520-4C19483BFB98],9.1.0,500.00,236.07,0,99,612,23033,37939,19,124
2023-10-09,host1.com.au,[04804C6C-4237-4AB7-B520-4C19483BFB98],9.1.0,500.00,40.28,0,74,727,44559,36147,33,55
2023-10-08,host1.com.au,[04804C6C-4237-4AB7-B520-4C19483BFB98],9.1.0,500.00,423.69,0,55,750,21011,24831,8,92
2023-10-07,host1.com.au,[04804C6C-4237-4AB7-B520-4C19483BFB98],9.1.0,500.00,404.11,0,84,749,43177,41093,73,75
2023-10-06,host1.com.au,[04804C6C-4237-4AB7-B520-4C19483BFB98],9.1.0,500.00,204.37,0,90,679,34393,41095,67,118
2023-10-05,host1.com.au,[04804C6C-4237-4AB7-B520-4C19483BFB98],9.1.0,500.00,353.89,0,73,540,14075,47535,5,39
2023-10-04,host1.com.au,[04804C6C-4237-4AB7-B520-4C19483BFB98],9.1.0,500.00,152.18,0,90,704,45089,41215,67,37
2023-10-03,host1.com.au,[04804C6C-4237-4AB7-B520-4C19483BFB98],9.1.0,500.00,162.21,0,63,511,21228,21411,75,54
2023-10-02,host1.com.au,[04804C6C-4237-4AB7-B520-4C19483BFB98],9.1.0,500.00,360.35,0,68,749,42783,14690,26,87
2023-10-01,host1.com.au,[04804C6C-4237-4AB7-B520-4C19483BFB98],9.1.0,500.00,381.89,0,53,575,13050,33728,37,59
2023-09-30,host1.com.au,[04804C6C-4237-4AB7-B520-4C19483BFB98],9.1.0,500.00,132.32,0,82,524,34565,15874,54,92
2023-09-29,host1.com.au,[04804C6C-4237-4AB7-B520-4C19483BFB98],9.1.0,500.00,552.76,1,61,611,28438,33791,58,122
2023-09-28,host1.com.au,[04804C6C-4237-4AB7-B520-4C19483BFB98],9.1.0,500.00,594.67,1,63,561,16041,45057,13,26
2023-09-27,host1.com.au,[04804C6C-4237-4AB7-B520-4C19483BFB98],9.1.0,500.00,544.22,1,55,628,11760,33186,23,97
2023-09-26,host1.com.au,[04804C6C-4237-4AB7-B520-4C19483BFB98],9.1.0,500.00,214.10,0,90,601,37772,37052,65,123
2023-09-25,host1.com.au,[04804C6C-4237-4AB7-B520-4C19483BFB98],9.1.0,500.00,597.29,1,84,645,38284,43809,59,61
2023-09-24,host1.com.au,[04804C6C-4237-4AB7-B520-4C19483BFB98],9.1.0,500.00,98.74,0,72,678,11363,23242,69,74
2023-09-23,host1.com.au,[04804C6C-4237-4AB7-B520-4C19483BFB98],9.1.0,500.00,300.75,0,60,689,38551,23506,27,89
2023-09-22,host1.com.au,[04804C6C-4237-4AB7-B520-4C19483BFB98],9.1.0,500.00,483.90,0,91,677,49856,15898,7,105
2023-09-21,host1.com.au,[04804C6C-4237-4AB7-B520-4C19483BFB98],9.1.0,500.00,291.33,0,60,677,11124,33705,5,122
2023-09-20,host1.com.au,[04804C6C-4237-4AB7-B520-4C19483BFB98],9.1.0,500.00,18.34,0,74,686,33379,35681,41,58
2023-09-19,host1.com.au,[04804C6C-4237-4AB7-B520-4C19483BFB98],9.1.0,500.00,437.62,0,58,603,19608,20336,39,53
2023-09-18,host1.com.au,[04804C6C-4237-4AB7-B520-4C19483BFB98],9.1.0,500.00,167.04,0,60,500,48552,44343,34,42
2023-09-17,host1.com.au,[04804C6C-4237-4AB7-B520-4C19483BFB98],9.1.0,500.00,38.96,0,98,657,38709,17766,23,104
2023-09-16,host1.com.au,[04804C6C-4237-4AB7-B520-4C19483BFB98],9.1.0,500.00,355.59,0,69,746,25094,22116,68,35
2023-09-15,host1.com.au,[04804C6C-4237-4AB7-B520-4C19483BFB98],9.1.0,500.00,616.82,1,52,568,18604,31418,54,80
2023-09-14,host1.com.au,[04804C6C-4237-4AB7-B520-4C19483BFB98],9.1.0,500.00,473.35,0,55,674,28612,15346,59,95
2023-09-13,host1.com.au,[04804C6C-4237-4AB7-B520-4C19483BFB98],9.1.0,500.00,522.55,1,85,674,12375,48785,65,59
2023-09-12,host1.com.au,[04804C6C-4237-4AB7-B520-4C19483BFB98],9.1.0,500.00,462.99,0,87,614,42373,39221,16,85
2023-09-11,host1.com.au,[04804C6C-4237-4AB7-B520-4C19483BFB98],9.1.0,500.00,314.96,0,81,534,19146,17363,60,40
2023-09-10,host1.com.au,[04804C6C-4237-4AB7-B520-4C19483BFB98],9.1.0,500.00,132.58,0,80,555,23834,24687,47,124
2023-09-09,host1.com.au,[04804C6C-4237-4AB7-B520-4C19483BFB98],9.1.0,500.00,462.44,0,85,614,40997,24707,62,93
2023-09-08,host1.com.au,[04804C6C-4237-4AB7-B520-4C19483BFB98],9.1.0,500.00,269.80,0,62,614,37055,16642,68,38
2023-09-07,host1.com.au,[04804C6C-4237-4AB7-B520-4C19483BFB98],9.1.0,500.00,375.29,0,68,600,36293,18802,71,29
2023-09-06,host1.com.au,[04804C6C-4237-4AB7-B520-4C19483BFB98],9.1.0,500.00,138.55,0,95,592,33802,38895,51,105
2023-09-05,host1.com.au,[04804C6C-4237-4AB7-B520-4C19483BFB98],9.1.0,500.00,239.03,0,67,525,10813,39918,35,43
2023-09-04,host1.com.au,[04804C6C-4237-4AB7-B520-4C19483BFB98],9.1.0,500.00,561.10,1,75,628,14761,22615,69,52
2023-09-03,host1.com.au,[04804C6C-4237-4AB7-B520-4C19483BFB98],9.1.0,500.00,161.67,0,85,552,49851,44536,43,74
2023-09-02,host1.com.au,[04804C6C-4237-4AB7-B520-4C19483BFB98],9.1.0,500.00,511.78,1,81,637,31171,45271,23,91
2023-09-01,host1.com.au,[04804C6C-4237-4AB7-B520-4C19483BFB98],9.1.0,500.00,327.19,0,66,634,14689,37046,73,25
2023-08-31,host1.com.au,[04804C6C-4237-4AB7-B520-4C19483BFB98],9.1.0,500.00,69.76,0,58,630,34248,47929,56,49
2023-08-30,host1.com.au,[04804C6C-4237-4AB7-B520-4C19483BFB98],9.1.0,500.00,208.57,0,57,624,19171,18521,17,56
2023-08-29,host1.com.au,[04804C6C-4237-4AB7-B520-4C19483BFB98],9.1.0,500.00,576.59,1,77,743,35602,10859,52,98
2023-08-28,host1.com.au,[04804C6C-4237-4AB7-B520-4C19483BFB98],9.1.0,500.00,49.94,0,76,595,35031,28168,45,113
2023-08-27,host1.com.au,[04804C6C-4237-4AB7-B520-4C19483BFB98],9.1.0,500.00,357.55,0,79,574,37244,43057,45,109
2023-08-26,host1.com.au,[04804C6C-4237-4AB7-B520-4C19483BFB98],9.1.0,500.00,372.54,0,89,735,23260,12949,30,122
2023-08-25,host1.com.au,[04804C6C-4237-4AB7-B520-4C19483BFB98],9.1.0,500.00,417.42,0,55,663,28075,13020,69,72
2023-08-24,host1.com.au,[04804C6C-4237-4AB7-B520-4C19483BFB98],9.1.0,500.00,414.04,0,66,529,42029,22241,40,118
2023-08-23,host1.com.au,[04804C6C-4237-4AB7-B520-4C19483BFB98],9.1.0,500.00,254.18,0,76,699,34139,18176,70,76
2023-08-22,host1.com.au,[04804C6C-4237-4AB7-B520-4C19483BFB98],9.1.0,500.00,376.74,0,82,590,30724,20553,36,39
2023-08-21,host1.com.au,[04804C6C-4237-4AB7-B520-4C19483BFB98],9.1.0,500.00,373.07,0,66,750,23838,40228,64,45
2023-08-20,host1.com.au,[04804C6C-4237-4AB7-B520-4C19483BFB98],9.1.0,500.00,498.75,0,87,680,39636,32966,15,101
2023-08-19,host1.com.au,[04804C6C-4237-4AB7-B520-4C19483BFB98],9.1.0,500.00,326.24,0,66,639,30285,13577,37,78
2023-08-18,host1.com.au,[04804C6C-4237-4AB7-B520-4C19483BFB98],9.1.0,500.00,417.13,0,53,750,31296,17219,28,41
2023-08-17,host1.com.au,[04804C6C-4237-4AB7-B520-4C19483BFB98],9.1.0,500.00,63.13,0,70,536,49839,13846,22,102
2023-08-16,host1.com.au,[04804C6C-4237-4AB7-B520-4C19483BFB98],9.1.0,500.00,229.51,0,66,711,23395,42800,16,53
2023-08-15,host1.com.au,[04804C6C-4237-4AB7-B520-4C19483BFB98],9.1.0,500.00,67.97,0,69,706,37451,23611,46,89
2023-08-14,host1.com.au,[04804C6C-4237-4AB7-B520-4C19483BFB98],9.1.0,500.00,273.39,0,87,638,11276,45451,51,38
2023-08-13,host1.com.au,[04804C6C-4237-4AB7-B520-4C19483BFB98],9.1.0,500.00,44.31,0,87,669,21186,25558,69,94
2023-08-12,host1.com.au,[04804C6C-4237-4AB7-B520-4C19483BFB98],9.1.0,500.00,357.10,0,83,667,21814,45715,20,51
2023-08-11,host1.com.au,[04804C6C-4237-4AB7-B520-4C19483BFB98],9.1.0,500.00,480.64,0,63,700,10113,38927,49,43
2023-08-10,host1.com.au,[04804C6C-4237-4AB7-B520-4C19483BFB98],9.1.0,500.00,298.66,0,88,570,10750,37780,39,88
2023-08-09,host1.com.au,[04804C6C-4237-4AB7-B520-4C19483BFB98],9.1.0,500.00,304.92,0,81,621,27760,45882,66,73
2023-08-08,host1.com.au,[04804C6C-4237-4AB7-B520-4C19483BFB98],9.1.0,500.00,212.11,0,92,520,38559,13872,41,60
2023-08-07,host1.com.au,[04804C6C-4237-4AB7-B520-4C19483BFB98],9.1.0,500.00,563.65,1,61,592,10150,47530,11,83
2023-08-06,host1.com.au,[04804C6C-4237-4AB7-B520-4C19483BFB98],9.1.0,500.00,149.03,0,86,534,48056,38072,63,66
2023-08-05,host1.com.au,[04804C6C-4237-4AB7-B520-4C19483BFB98],9.1.0,500.00,136.82,0,55,696,36753,43456,29,108
2023-08-04,host1.com.au,[04804C6C-4237-4AB7-B520-4C19483BFB98],9.1.0,500.00,122.25,0,87,582,28503,44560,73,27
2023-08-03,host1.com.au,[04804C6C-4237-4AB7-B520-4C19483BFB98],9.1.0,500.00,492.81,0,51,524,36047,48952,22,54
2023-08-02,host1.com.au,[04804C6C-4237-4AB7-B520-4C19483BFB98],9.1.0,500.00,15.72,0,92,687,27256,25084,27,27
2023-08-01,host1.com.au,[04804C6C-4237-4AB7-B520-4C19483BFB98],9.1.0,500.00,432.20,0,82,741,28505,17143,59,40
2023-07-31,host1.com.au,[04804C6C-4237-4AB7-B520-4C19483BFB98],9.1.0,500.00,432.52,0,64,713,11341,47587,43,112
2023-07-30,host1.com.au,[04804C6C-4237-4AB7-B520-4C19483BFB98],9.1.0,500.00,366.45,0,83,506,40788,34471,29,42
2023-07-29,host1.com.au,[04804C6C-4237-4AB7-B520-4C19483BFB98],9.1.0,500.00,15.76,0,66,524,32439,29787,47,123
2023-07-28,host1.com.au,[04804C6C-4237-4AB7-B520-4C19483BFB98],9.1.0,500.00,404.54,0,98,589,18042,45460,13,63
2023-07-27,host1.com.au,[04804C6C-4237-4AB7-B520-4C19483BFB98],9.1.0,500.00,530.95,1,52,741,39050,48121,56,118
2023-07-26,host1.com.au,[04804C6C-4237-4AB7-B520-4C19483BFB98],9.1.0,500.00,97.76,0,100,728,18918,46094,74,124
2023-07-25,host1.com.au,[04804C6C-4237-4AB7-B520-4C19483BFB98],9.1.0,500.00,138.11,0,96,562,30955,38811,12,52
2023-07-24,host1.com.au,[04804C6C-4237-4AB7-B520-4C19483BFB98],9.1.0,500.00,485.53,0,89,596,21310,19127,13,52
2023-07-23,host1.com.au,[04804C6C-4237-4AB7-B520-4C19483BFB98],9.1.0,500.00,374.89,0,85,538,46544,19184,41,84
2023-07-22,host1.com.au,[04804C6C-4237-4AB7-B520-4C19483BFB98],9.1.0,500.00,22.05,0,96,520,45418,42606,45,64
2023-07-21,host1.com.au,[04804C6C-4237-4AB7-B520-4C19483BFB98],9.1.0,500.00,359.60,0,86,741,12360,21384,59,68
2023-07-20,host1.com.au,[04804C6C-4237-4AB7-B520-4C19483BFB98],9.1.0,500.00,277.33,0,51,674,21109,13175,13,91
2023-07-19,host1.com.au,[04804C6C-4237-4AB7-B520-4C19483BFB98],9.1.0,500.00,518.38,1,65,578,22861,29540,9,26
2023-07-18,host1.com.au,[04804C6C-4237-4AB7-B520-4C19483BFB98],9.1.0,500.00,464.50,0,64,525,10716,23420,30,122
2023-07-17,host1.com.au,[04804C6C-4237-4AB7-B520-4C19483BFB98],9.1.0,500.00,448.89,0,54,523,27920,46859,36,64
2023-07-16,host1.com.au,[04804C6C-4237-4AB7-B520-4C19483BFB98],9.1.0,500.00,392.84,0,95,648,35266,19810,45,108
2023-07-15,host1.com.au,[04804C6C-4237-4AB7-B520-4C19483BFB98],9.1.0,500.00,130.63,0,91,557,48063,41080,18,75
2023-07-14,host1.com.au,[04804C6C-4237-4AB7-B520-4C19483BFB98],9.1.0,500.00,28.07,0,99,605,10132,31474,41,90
2023-07-13,host1.com.au,[04804C6C-4237-4AB7-B520-4C19483BFB98],9.1.0,500.00,241.18,0,84,617,30988,35560,24,101
2023-07-12,host1.com.au,[04804C6C-4237-4AB7-B520-4C19483BFB98],9.1.0,500.00,433.70,0,65,630,45177,45096,14,65
2023-07-11,host1.com.au,[04804C6C-4237-4AB7-B520-4C19483BFB98],9.1.0,500.00,416.52,0,94,737,33013,36012,57,123
2023-07-10,host1.com.au,[04804C6C-4237-4AB7-B520-4C19483BFB98],9.1.0,500.00,386.58,0,67,544,43254,16572,36,41
2023-07-09,host1.com.au,[04804C6C-4237-4AB7-B520-4C19483BFB98],9.1.0,500.00,181.59,0,84,604,16890,10762,13,124
2023-07-08,host1.com.au,[04804C6C-4237-4AB7-B520-4C19483BFB98],9.1.0,500.00,433.48,0,87,561,16959,16682,19,116
2023-07-07,host1.com.au,[04804C6C-4237-4AB7-B520-4C19483BFB98],9.1.0,500.00,597.95,1,58,525,24566,10968,69,48
2023-07-06,host1.com.au,[04804C6C-4237-4AB7-B520-4C19483BFB98],9.1.0,500.00,622.78,1,81,647,45397,23603,15,110
2023-07-05,host1.com.au,[04804C6C-4237-4AB7-B520-4C19483BFB98],9.1.0,500.00,586.38,1,91,619,32381,21589,8,107
2023-07-04,host1.com.au,[04804C6C-4237-4AB7-B520-4C19483BFB98],9.1.0,500.00,553.47,1,92,549,15267,25961,67,84
2023-07-03,host1.com.au,[04804C6C-4237-4AB7-B520-4C19483BFB98],9.1.0,500.00,164.00,0,77,729,10372,20620,18,100
2023-07-02,host1.com.au,[04804C6C-4237-4AB7-B520-4C19483BFB98],9.1.0,500.00,605.05,1,76,578,30599,21409,30,99
2023-07-01,host1.com.au,[04804C6C-4237-4AB7-B520-4C19483BFB98],9.1.0,500.00,37.64,0,72,708,15366,28090,18,43
2023-06-30,host1.com.au,[04804C6C-4237-4AB7-B520-4C19483BFB98],9.1.0,500.00,290.24,0,89,608,21469,46430,40,88
2023-06-29,host1.com.au,[04804C6C-4237-4AB7-B520-4C19483BFB98],9.1.0,500.00,26.26,0,69,502,15422,49195,17,64
2023-06-28,host1.com.au,[04804C6C-4237-4AB7-B520-4C19483BFB98],9.1.0,500.00,430.84,0,59,597,36282,25485,59,39
2023-06-27,host1.com.au,[04804C6C-4237-4AB7-B520-4C19483BFB98],9.1.0,500.00,480.24,0,56,518,30853,37653,30,95
2023-06-26,host1.com.au,[04804C6C-4237-4AB7-B520-4C19483BFB98],9.1.0,500.00,468.77,0,68,522,16102,23106,54,71
2023-06-25,host1.com.au,[04804C6C-4237-4AB7-B520-4C19483BFB98],9.1.0,500.00,481.96,0,61,670,18052,18283,31,34
2023-06-24,host1.com.au,[04804C6C-4237-4AB7-B520-4C19483BFB98],9.1.0,500.00,212.23,0,83,559,40390,17869,22,77
2023-06-23,host1.com.au,[04804C6C-4237-4AB7-B520-4C19483BFB98],9.1.0,500.00,429.38,0,72,627,43425,24103,19,66
2023-06-22,host1.com.au,[04804C6C-4237-4AB7-B520-4C19483BFB98],9.1.0,500.00,537.43,1,73,686,48856,45853,56,56
2023-06-21,host1.com.au,[04804C6C-4237-4AB7-B520-4C19483BFB98],9.1.0,500.00,322.70,0,72,685,47322,35773,39,80
2023-06-20,host1.com.au,[04804C6C-4237-4AB7-B520-4C19483BFB98],9.1.0,500.00,227.66,0,79,635,33114,34535,63,90
2023-06-19,host1.com.au,[04804C6C-4237-4AB7-B520-4C19483BFB98],9.1.0,500.00,232.73,0,98,502,11020,18790,72,97
2023-06-18,host1.com.au,[04804C6C-4237-4AB7-B520-4C19483BFB98],9.1.0,500.00,257.32,0,85,533,47325,28456,38,44
2023-06-17,host1.com.au,[04804C6C-4237-4AB7-B520-4C19483BFB98],9.1.0,500.00,521.84,1,69,700,24186,14568,54,27
2023-06-16,host1.com.au,[04804C6C-4237-4AB7-B520-4C19483BFB98],9.1.0,500.00,502.09,1,72,676,20206,23114,43,70
2023-06-15,host1.com.au,[04804C6C-4237-4AB7-B520-4C19483BFB98],9.1.0,500.00,327.25,0,51,718,29684,31919,24,95
2023-06-14,host1.com.au,[04804C6C-4237-4AB7-B520-4C19483BFB98],9.1.0,500.00,423.61,0,61,721,25723,25689,32,125
2023-06-13,host1.com.au,[04804C6C-4237-4AB7-B520-4C19483BFB98],9.1.0,500.00,217.34,0,61,715,44341,33272,25,53
2023-06-12,host1.com.au,[04804C6C-4237-4AB7-B520-4C19483BFB98],9.1.0,500.00,52.55,0,87,527,14119,27343,8,122
2023-06-11,host1.com.au,[04804C6C-4237-4AB7-B520-4C19483BFB98],9.1.0,500.00,595.98,1,53,653,20877,49214,38,39
2023-06-10,host1.com.au,[04804C6C-4237-4AB7-B520-4C19483BFB98],9.1.0,500.00,161.86,0,57,678,34392,12945,70,53
2023-06-09,host1.com.au,[04804C6C-4237-4AB7-B520-4C19483BFB98],9.1.0,500.00,603.31,1,53,705,36626,33047,9,96
2023-06-08,host1.com.au,[04804C6C-4237-4AB7-B520-4C19483BFB98],9.1.0,500.00,22.00,0,78,581,21996,27053,26,88
2023-06-07,host1.com.au,[04804C6C-4237-4AB7-B520-4C19483BFB98],9.1.0,500.00,144.54,0,93,566,14342,12634,71,70
2023-06-06,host1.com.au,[04804C6C-4237-4AB7-B520-4C19483BFB98],9.1.0,500.00,444.46,0,65,559,14551,40844,30,69
2023-06-05,host1.com.au,[04804C6C-4237-4AB7-B520-4C19483BFB98],9.1.0,500.00,165.59,0,69,501,22515,36949,14,87
2023-06-04,host1.com.au,[04804C6C-4237-4AB7-B520-4C19483BFB98],9.1.0,500.00,302.35,0,50,649,49817,33833,37,91
2023-06-03,host1.com.au,[04804C6C-4237-4AB7-B520-4C19483BFB98],9.1.0,500.00,258.87,0,76,552,49649,44810,27,109
2023-06-02,host1.com.au,[04804C6C-4237-4AB7-B520-4C19483BFB98],9.1.0,500.00,61.04,0,69,705,32449,13880,11,97
2023-06-01,host1.com.au,[04804C6C-4237-4AB7-B520-4C19483BFB98],9.1.0,500.00,134.62,0,69,682,29071,14567,24,55
2023-05-31,host1.com.au,[04804C6C-4237-4AB7-B520-4C19483BFB98],9.1.0,500.00,202.76,0,94,711,31836,29597,72,76
2023-05-30,host1.com.au,[04804C6C-4237-4AB7-B520-4C19483BFB98],9.1.0,500.00,23.49,0,62,698,21877,25783,45,69
2023-05-29,host1.com.au,[04804C6C-4237-4AB7-B520-4C19483BFB98],9.1.0,500.00,496.53,0,53,513,23901,13000,38,31
2023-05-28,host1.com.au,[04804C6C-4237-4AB7-B520-4C19483BFB98],9.1.0,500.00,186.57,0,78,619,44283,27703,51,41
2023-05-27,host1.com.au,[04804C6C-4237-4AB7-B520-4C19483BFB98],9.1.0,500.00,605.34,1,65,574,22049,45793,30,83
2023-05-26,host1.com.au,[04804C6C-4237-4AB7-B520-4C19483BFB98],9.1.0,500.00,58.20,0,53,664,20664,22864,44,60
2023-05-25,host1.com.au,[04804C6C-4237-4AB7-B520-4C19483BFB98],9.1.0,500.00,193.52,0,57,710,35052,30748,15,47
2023-05-24,host1.com.au,[04804C6C-4237-4AB7-B520-4C19483BFB98],9.1.0,500.00,399.14,0,71,748,20324,46222,26,75
2023-05-23,host1.com.au,[04804C6C-4237-4AB7-B520-4C19483BFB98],9.1.0,500.00,125.68,0,89,577,13564,39557,21,54
2023-05-22,host1.com.au,[04804C6C-4237-4AB7-B520-4C19483BFB98],9.1.0,500.00,250.72,0,99,501,29394,11774,24,41
2023-05-21,host1.com.au,[04804C6C-4237-4AB7-B520-4C19483BFB98],9.1.0,500.00,34.74,0,90,604,24395,41289,74,50
2023-05-20,host1.com.au,[04804C6C-4237-4AB7-B520-4C19483BFB98],9.1.0,500.00,609.57,1,67,733,21439,33372,69,110
2023-05-19,host1.com.au,[04804C6C-4237-4AB7-B520-4C19483BFB98],9.1.0,500.00,151.78,0,78,629,17228,17173,67,58
2023-05-18,host1.com.au,[04804C6C-4237-4AB7-B520-4C19483BFB98],9.1.0,500.00,391.03,0,97,712,45221,49334,71,32
2023-05-17,host1.com.au,[04804C6C-4237-4AB7-B520-4C19483BFB98],9.1.0,500.00,5.98,0,82,567,13559,19339,25,62
2023-05-16,host1.com.au,[04804C6C-4237-4AB7-B520-4C19483BFB98],9.1.0,500.00,158.31,0,54,656,14757,49840,5,65
2023-05-15,host1.com.au,[04804C6C-4237-4AB7-B520-4C19483BFB98],9.1.0,500.00,103.21,0,80,538,28665,29111,9,41
2023-05-14,host1.com.au,[04804C6C-4237-4AB7-B520-4C19483BFB98],9.1.0,500.00,4.83,0,98,588,22619,21377,28,58
2023-05-13,host1.com.au,[04804C6C-4237-4AB7-B520-4C19483BFB98],9.1.0,500.00,31.94,0,74,532,40137,19494,47,110
2023-05-12,host1.com.au,[04804C6C-4237-4AB7-B520-4C19483BFB98],9.1.0,500.00,17.67,0,92,626,10730,21259,5,102
2023-05-11,host1.com.au,[04804C6C-4237-4AB7-B520-4C19483BFB98],9.1.0,500.00,516.24,1,93,528,43064,12015,54,111
2023-05-10,host1.com.au,[04804C6C-4237-4AB7-B520-4C19483BFB98],9.1.0,500.00,439.47,0,69,527,28906,29786,16,118
2023-05-09,host1.com.au,[04804C6C-4237-4AB7-B520-4C19483BFB98],9.1.0,500.00,449.72,0,99,546,11163,25472,64,125
2023-05-08,host1.com.au,[04804C6C-4237-4AB7-B520-4C19483BFB98],9.1.0,500.00,236.89,0,68,600,31963,36842,38,92
2023-05-07,host1.com.au,[04804C6C-4237-4AB7-B520-4C19483BFB98],9.1.0,500.00,214.55,0,98,525,31708,45841,33,84
2023-05-06,host1.com.au,[04804C6C-4237-4AB7-B520-4C19483BFB98],9.1.0,500.00,104.76,0,74,644,10502,23690,71,48
2023-05-05,host1.com.au,[04804C6C-4237-4AB7-B520-4C19483BFB98],9.1.0,500.00,220.84,0,79,726,42495,32610,31,98
2023-05-04,host1.com.au,[04804C6C-4237-4AB7-B520-4C19483BFB98],9.1.0,500.00,160.92,0,96,750,43389,17560,50,104
2023-05-03,host1.com.au,[04804C6C-4237-4AB7-B520-4C19483BFB98],9.1.0,500.00,292.10,0,57,561,12451,16161,8,49
2023-05-02,host1.com.au,[04804C6C-4237-4AB7-B520-4C19483BFB98],9.1.0,500.00,573.04,1,57,582,32391,42215,7,73
2023-05-01,host1.com.au,[04804C6C-4237-4AB7-B520-4C19483BFB98],9.1.0,500.00,188.62,0,98,575,44777,21993,57,112
2023-04-30,host1.com.au,[04804C6C-4237-4AB7-B520-4C19483BFB98],9.1.0,500.00,21.84,0,90,711,29523,49173,37,117
2023-04-29,host1.com.au,[04804C6C-4237-4AB7-B520-4C19483BFB98],9.1.0,500.00,424.78,0,67,621,14893,15111,69,89
2023-04-28,host1.com.au,[04804C6C-4237-4AB7-B520-4C19483BFB98],9.1.0,500.00,622.17,1,69,500,34365,38895,64,68
2023-04-27,host1.com.au,[04804C6C-4237-4AB7-B520-4C19483BFB98],9.1.0,500.00,549.42,1,100,555,34685,44045,49,125
2023-04-26,host1.com.au,[04804C6C-4237-4AB7-B520-4C19483BFB98],9.1.0,500.00,411.40,0,95,653,24943,21939,26,45
2023-04-25,host1.com.au,[04804C6C-4237-4AB7-B520-4C19483BFB98],9.1.0,500.00,39.66,0,99,536,41562,39258,17,98
2023-04-24,host1.com.au,[04804C6C-4237-4AB7-B520-4C19483BFB98],9.1.0,500.00,59.06,0,74,535,38950,22785,7,121
2023-04-23,host1.com.au,[04804C6C-4237-4AB7-B520-4C19483BFB98],9.1.0,500.00,343.01,0,71,567,18769,15316,52,67
2023-04-22,host1.com.au,[04804C6C-4237-4AB7-B520-4C19483BFB98],9.1.0,500.00,166.93,0,54,565,23288,13991,25,115
2023-04-21,host1.com.au,[04804C6C-4237-4AB7-B520-4C19483BFB98],9.1.0,500.00,165.06,0,97,634,24882,10954,17,67
2023-04-20,host1.com.au,[04804C6C-4237-4AB7-B520-4C19483BFB98],9.1.0,500.00,477.90,0,67,641,19355,46100,67,46
2023-04-19,host1.com.au,[04804C6C-4237-4AB7-B520-4C19483BFB98],9.1.0,500.00,542.18,1,72,643,42733,40265,59,88
2023-04-18,host1.com.au,[04804C6C-4237-4AB7-B520-4C19483BFB98],9.1.0,500.00,371.97,0,64,738,17207,38504,54,115
2023-04-17,host1.com.au,[04804C6C-4237-4AB7-B520-4C19483BFB98],9.1.0,500.00,564.37,1,70,595,18071,44210,49,70
2023-04-16,host1.com.au,[04804C6C-4237-4AB7-B520-4C19483BFB98],9.1.0,500.00,97.21,0,51,593,31351,22850,71,25
2023-04-15,host1.com.au,[04804C6C-4237-4AB7-B520-4C19483BFB98],9.1.0,500.00,599.45,1,94,630,20793,45085,35,115
2023-04-14,host1.com.au,[04804C6C-4237-4AB7-B520-4C19483BFB98],9.1.0,500.00,133.84,0,81,634,22925,49172,17,109
2023-04-13,host1.com.au,[04804C6C-4237-4AB7-B520-4C19483BFB98],9.1.0,500.00,519.46,1,90,586,21153,26083,69,94
2023-04-12,host1.com.au,[04804C6C-4237-4AB7-B520-4C19483BFB98],9.1.0,500.00,246.38,0,70,679,33746,47650,74,92
2023-04-11,host1.com.au,[04804C6C-4237-4AB7-B520-4C19483BFB98],9.1.0,500.00,128.12,0,74,531,13348,29254,75,108
2023-04-10,host1.com.au,[04804C6C-4237-4AB7-B520-4C19483BFB98],9.1.0,500.00,518.97,1,68,723,14740,27230,36,117
2023-04-09,host1.com.au,[04804C6C-4237-4AB7-B520-4C19483BFB98],9.1.0,500.00,458.27,0,52,570,22570,32774,51,122
2023-04-08,host1.com.au,[04804C6C-4237-4AB7-B520-4C19483BFB98],9.1.0,500.00,436.17,0,64,688,28311,12620,39,118
2023-04-07,host1.com.au,[04804C6C-4237-4AB7-B520-4C19483BFB98],9.1.0,500.00,279.10,0,67,694,27152,10559,28,88
2023-04-06,host1.com.au,[04804C6C-4237-4AB7-B520-4C19483BFB98],9.1.0,500.00,509.62,1,51,586,42771,41914,67,46
2023-04-05,host1.com.au,[04804C6C-4237-4AB7-B520-4C19483BFB98],9.1.0,500.00,172.88,0,80,704,44960,26127,26,77
2023-04-04,host1.com.au,[04804C6C-4237-4AB7-B520-4C19483BFB98],9.1.0,500.00,282.30,0,94,678,31523,40609,67,87
2023-04-03,host1.com.au,[04804C6C-4237-4AB7-B520-4C19483BFB98],9.1.0,500.00,428.85,0,57,652,33359,46128,72,115
2023-04-02,host1.com.au,[04804C6C-4237-4AB7-B520-4C19483BFB98],9.1.0,500.00,257.26,0,99,654,13664,17985,15,25
2023-04-01,host1.com.au,[04804C6C-4237-4AB7-B520-4C19483BFB98],9.1.0,500.00,537.86,1,53,679,24730,45571,60,61
2023-03-31,host1.com.au,[04804C6C-4237-4AB7-B520-4C19483BFB98],9.1.0,500.00,153.72,0,93,507,37890,19520,13,87
2023-03-30,host1.com.au,[04804C6C-4237-4AB7-B520-4C19483BFB98],9.1.0,500.00,256.32,0,75,623,35015,22786,41,46
2023-03-29,host1.com.au,[04804C6C-4237-4AB7-B520-4C19483BFB98],9.1.0,500.00,8.61,0,80,619,32618,14076,33,92
2023-03-28,host1.com.au,[04804C6C-4237-4AB7-B520-4C19483BFB98],9.1.0,500.00,624.62,1,98,677,32147,23590,24,75
2023-03-27,host1.com.au,[04804C6C-4237-4AB7-B520-4C19483BFB98],9.1.0,500.00,143.96,0,83,565,18850,18332,58,77
2023-03-26,host1.com.au,[04804C6C-4237-4AB7-B520-4C19483BFB98],9.1.0,500.00,491.44,0,71,633,38788,25976,23,50
2023-03-25,host1.com.au,[04804C6C-4237-4AB7-B520-4C19483BFB98],9.1.0,500.00,487.75,0,92,742,12212,49307,24,125
2023-03-24,host1.com.au,[04804C6C-4237-4AB7-B520-4C19483BFB98],9.1.0,500.00,256.40,0,53,666,28726,41914,75,63
2023-03-23,host1.com.au,[04804C6C-4237-4AB7-B520-4C19483BFB98],9.1.0,500.00,417.58,0,86,553,35268,46619,23,114
2023-03-22,host1.com.au,[04804C6C-4237-4AB7-B520-4C19483BFB98],9.1.0,500.00,545.62,1,84,728,16360,14489,15,58
2023-03-21,host1.com.au,[04804C6C-4237-4AB7-B520-4C19483BFB98],9.1.0,500.00,223.00,0,57,606,45713,40472,32,58
2023-03-20,host1.com.au,[04804C6C-4237-4AB7-B520-4C19483BFB98],9.1.0,500.00,476.45,0,71,622,15099,26114,19,97
2023-03-19,host1.com.au,[04804C6C-4237-4AB7-B520-4C19483BFB98],9.1.0,500.00,462.25,0,89,632,47683,44989,12,119
2023-03-18,host1.com.au,[04804C6C-4237-4AB7-B520-4C19483BFB98],9.1.0,500.00,304.87,0,70,633,43661,45780,36,38
2023-03-17,host1.com.au,[04804C6C-4237-4AB7-B520-4C19483BFB98],9.1.0,500.00,233.33,0,88,503,40174,33085,64,80
2023-03-16,host1.com.au,[04804C6C-4237-4AB7-B520-4C19483BFB98],9.1.0,500.00,245.73,0,92,537,35661,13553,62,120
2023-03-15,host1.com.au,[04804C6C-4237-4AB7-B520-4C19483BFB98],9.1.0,500.00,77.39,0,51,642,39809,24284,60,56
2023-03-14,host1.com.au,[04804C6C-4237-4AB7-B520-4C19483BFB98],9.1.0,500.00,62.15,0,70,646,36631,13580,43,84
2023-03-13,host1.com.au,[04804C6C-4237-4AB7-B520-4C19483BFB98],9.1.0,500.00,571.74,1,100,592,11330,12484,34,70
2023-03-12,host1.com.au,[04804C6C-4237-4AB7-B520-4C19483BFB98],9.1.0,500.00,30.41,0,71,556,44444,28245,8,89
2023-03-11,host1.com.au,[04804C6C-4237-4AB7-B520-4C19483BFB98],9.1.0,500.00,124.09,0,50,628,26157,31338,14,86
2023-03-10,host1.com.au,[04804C6C-4237-4AB7-B520-4C19483BFB98],9.1.0,500.00,76.71,0,77,709,47669,12727,60,77
2023-03-09,host1.com.au,[04804C6C-4237-4AB7-B520-4C19483BFB98],9.1.0,500.00,547.58,1,59,537,26529,46613,9,71
2023-03-08,host1.com.au,[04804C6C-4237-4AB7-B520-4C19483BFB98],9.1.0,500.00,293.48,0,50,515,16556,34773,15,102
2023-03-07,host1.com.au,[04804C6C-4237-4AB7-B520-4C19483BFB98],9.1.0,500.00,166.84,0,89,578,27449,21266,21,108
2023-03-06,host1.com.au,[04804C6C-4237-4AB7-B520-4C19483BFB98],9.1.0,500.00,254.60,0,55,533,36771,43658,45,80
2023-03-05,host1.com.au,[04804C6C-4237-4AB7-B520-4C19483BFB98],9.1.0,500.00,578.79,1,67,606,34791,23885,69,38
2023-03-04,host1.com.au,[04804C6C-4237-4AB7-B520-4C19483BFB98],9.1.0,500.00,353.38,0,62,571,11677,36819,20,63
2023-03-03,host1.com.au,[04804C6C-4237-4AB7-B520-4C19483BFB98],9.1.0,500.00,606.22,1,90,721,16741,31974,53,62
2023-03-02,host1.com.au,[04804C6C-4237-4AB7-B520-4C19483BFB98],9.1.0,500.00,298.16,0,100,571,45329,14163,60,96
2023-03-01,host1.com.au,[04804C6C-4237-4AB7-B520-4C19483BFB98],9.1.0,500.00,515.61,1,76,722,41512,23813,61,49
2023-02-28,host1.com.au,[04804C6C-4237-4AB7-B520-4C19483BFB98],9.1.0,500.00,504.72,1,54,750,34072,17579,45,111
2023-02-27,host1.com.au,[04804C6C-4237-4AB7-B520-4C19483BFB98],9.1.0,500.00,343.40,0,60,524,26143,23987,26,115
2023-02-26,host1.com.au,[04804C6C-4237-4AB7-B520-4C19483BFB98],9.1.0,500.00,142.33,0,64,556,37330,28055,9,40
2023-02-25,host1.com.au,[04804C6C-4237-4AB7-B520-4C19483BFB98],9.1.0,500.00,124.00,0,90,604,37608,40966,7,114
2023-02-24,host1.com.au,[04804C6C-4237-4AB7-B520-4C19483BFB98],9.1.0,500.00,527.85,1,58,655,42229,49062,19,80
2023-02-23,host1.com.au,[04804C6C-4237-4AB7-B520-4C19483BFB98],9.1.0,500.00,498.34,0,87,535,24464,33081,49,89
2023-02-22,host1.com.au,[04804C6C-4237-4AB7-B520-4C19483BFB98],9.1.0,500.00,462.42,0,72,689,41143,39438,56,43
2023-02-21,host1.com.au,[04804C6C-4237-4AB7-B520-4C19483BFB98],9.1.0,500.00,455.88,0,60,558,47359,30920,10,67
2023-02-20,host1.com.au,[04804C6C-4237-4AB7-B520-4C19483BFB98],9.1.0,500.00,612.86,1,66,553,23472,16711,53,38
2023-02-19,host1.com.au,[04804C6C-4237-4AB7-B520-4C19483BFB98],9.1.0,500.00,39.94,0,71,566,38827,11439,35,25
2023-02-18,host1.com.au,[04804C6C-4237-4AB7-B520-4C19483BFB98],9.1.0,500.00,478.24,0,73,519,46847,48148,32,37
2023-02-17,host1.com.au,[04804C6C-4237-4AB7-B520-4C19483BFB98],9.1.0,500.00,85.42,0,100,673,33531,13810,11,59
2023-02-16,host1.com.au,[04804C6C-4237-4AB7-B520-4C19483BFB98],9.1.0,500.00,623.89,1,79,584,21065,47681,32,40
2023-02-15,host1.com.au,[04804C6C-4237-4AB7-B520-4C19483BFB98],9.1.0,500.00,240.69,0,82,533,43177,33567,32,73
2023-02-14,host1.com.au,[04804C6C-4237-4AB7-B520-4C19483BFB98],9.1.0,500.00,463.47,0,71,726,30684,33741,40,37
2023-02-13,host1.com.au,[04804C6C-4237-4AB7-B520-4C19483BFB98],9.1.0,500.00,243.93,0,82,541,20175,42571,67,47
2023-02-12,host1.com.au,[04804C6C-4237-4AB7-B520-4C19483BFB98],9.1.0,500.00,284.86,0,93,519,26324,25027,51,78
2023-02-11,host1.com.au,[04804C6C-4237-4AB7-B520-4C19483BFB98],9.1.0,500.00,10.33,0,80,652,35339,20013,22,121
2023-02-10,host1.com.au,[04804C6C-4237-4AB7-B520-4C19483BFB98],9.1.0,500.00,284.54,0,82,696,36555,32585,60,113
2023-02-09,host1.com.au,[04804C6C-4237-4AB7-B520-4C19483BFB98],9.1.0,500.00,288.56,0,70,548,14397,26034,34,61
2023-02-08,host1.com.au,[04804C6C-4237-4AB7-B520-4C19483BFB98],9.1.0,500.00,453.79,0,79,647,20475,49278,57,48
2023-02-07,host1.com.au,[04804C6C-4237-4AB7-B520-4C19483BFB98],9.1.0,500.00,597.17,1,72,583,37081,42182,58,39
2023-02-06,host1.com.au,[04804C6C-4237-4AB7-B520-4C19483BFB98],9.1.0,500.00,598.27,1,59,528,42136,15615,67,118
2023-02-05,host1.com.au,[04804C6C-4237-4AB7-B520-4C19483BFB98],9.1.0,500.00,125.67,0,100,744,40809,10295,20,68
2023-02-04,host1.com.au,[04804C6C-4237-4AB7-B520-4C19483BFB98],9.1.0,500.00,86.36,0,87,563,10544,45001,72,118
2023-02-03,host1.com.au,[04804C6C-4237-4AB7-B520-4C19483BFB98],9.1.0,500.00,84.03,0,70,703,36191,48132,67,121
2023-02-02,host1.com.au,[04804C6C-4237-4AB7-B520-4C19483BFB98],9.1.0,500.00,573.82,1,87,525,42495,30893,43,38
2023-02-01,host1.com.au,[04804C6C-4237-4AB7-B520-4C19483BFB98],9.1.0,500.00,19.62,0,99,685,39496,13266,66,25
2023-01-31,host1.com.au,[04804C6C-4237-4AB7-B520-4C19483BFB98],9.1.0,500.00,201.25,0,77,554,47307,33013,73,89
2023-01-30,host1.com.au,[04804C6C-4237-4AB7-B520-4C19483BFB98],9.1.0,500.00,251.98,0,84,621,24904,45519,19,106
2023-01-29,host1.com.au,[04804C6C-4237-4AB7-B520-4C19483BFB98],9.1.0,500.00,353.34,0,67,656,16829,11198,53,121
2023-01-28,host1.com.au,[04804C6C-4237-4AB7-B520-4C19483BFB98],9.1.0,500.00,273.90,0,69,673,30771,19195,34,90
2023-01-27,host1.com.au,[04804C6C-4237-4AB7-B520-4C19483BFB98],9.1.0,500.00,614.46,1,53,705,36209,21342,60,50
2023-01-26,host1.com.au,[04804C6C-4237-4AB7-B520-4C19483BFB98],9.1.0,500.00,579.80,1,54,539,26886,32313,18,110
2023-01-25,host1.com.au,[04804C6C-4237-4AB7-B520-4C19483BFB98],9.1.0,500.00,259.26,0,86,716,24291,14074,53,56
2023-01-24,host1.com.au,[04804C6C-4237-4AB7-B520-4C19483BFB98],9.1.0,500.00,344.30,0,63,519,46099,36736,64,49
2023-01-23,host1.com.au,[04804C6C-4237-4AB7-B520-4C19483BFB98],9.1.0,500.00,222.61,0,80,670,22263,20066,5,121
2023-01-22,host1.com.au,[04804C6C-4237-4AB7-B520-4C19483BFB98],9.1.0,500.00,259.97,0,82,735,11495,37541,20,71
2023-01-21,host1.com.au,[04804C6C-4237-4AB7-B520-4C19483BFB98],9.1.0,500.00,93.82,0,98,522,12303,31799,35,95
2023-01-20,host1.com.au,[04804C6C-4237-4AB7-B520-4C19483BFB98],9.1.0,500.00,322.18,0,95,697,41128,23957,23,96
2023-01-19,host1.com.au,[04804C6C-4237-4AB7-B520-4C19483BFB98],9.1.0,500.00,170.21,0,90,603,17119,14400,55,73
2023-01-18,host1.com.au,[04804C6C-4237-4AB7-B520-4C19483BFB98],9.1.0,500.00,32.16,0,70,576,27890,26365,74,29
2023-01-17,host1.com.au,[04804C6C-4237-4AB7-B520-4C19483BFB98],9.1.0,500.00,91.00,0,78,660,37116,14416,53,51
2023-01-16,host1.com.au,[04804C6C-4237-4AB7-B520-4C19483BFB98],9.1.0,500.00,579.49,1,93,743,16002,18380,37,40
2023-01-15,host1.com.au,[04804C6C-4237-4AB7-B520-4C19483BFB98],9.1.0,500.00,621.97,1,78,512,37561,37116,61,104
2023-01-14,host1.com.au,[04804C6C-4237-4AB7-B520-4C19483BFB98],9.1.0,500.00,585.91,1,60,609,12316,17568,24,68
2023-01-13,host1.com.au,[04804C6C-4237-4AB7-B520-4C19483BFB98],9.1.0,500.00,439.41,0,87,588,37135,40863,39,105
2023-01-12,host1.com.au,[04804C6C-4237-4AB7-B520-4C19483BFB98],9.1.0,500.00,478.72,0,56,672,26741,11512,20,107
2023-01-11,host1.com.au,[04804C6C-4237-4AB7-B520-4C19483BFB98],9.1.0,500.00,112.12,0,60,517,47140,26821,72,83
2023-01-10,host1.com.au,[04804C6C-4237-4AB7-B520-4C19483BFB98],9.1.0,500.00,422.68,0,84,604,37577,23067,21,120
2023-01-09,host1.com.au,[04804C6C-4237-4AB7-B520-4C19483BFB98],9.1.0,500.00,591.10,1,77,576,22812,21132,47,61
2023-01-08,host1.com.au,[04804C6C-4237-4AB7-B520-4C19483BFB98],9.1.0,500.00,17.73,0,96,537,28313,35976,33,111
2023-01-07,host1.com.au,[04804C6C-4237-4AB7-B520-4C19483BFB98],9.1.0,500.00,403.11,0,77,617,29748,23255,14,109
2023-01-06,host1.com.au,[04804C6C-4237-4AB7-B520-4C19483BFB98],9.1.0,500.00,49.75,0,82,667,18636,49634,36,114
2023-01-05,host1.com.au,[04804C6C-4237-4AB7-B520-4C19483BFB98],9.1.0,500.00,560.75,1,60,669,49916,15085,72,45
2023-01-04,host1.com.au,[04804C6C-4237-4AB7-B520-4C19483BFB98],9.1.0,500.00,462.90,0,64,569,42715,27378,54,118
2023-01-03,host1.com.au,[04804C6C-4237-4AB7-B520-4C19483BFB98],9.1.0,500.00,14.40,0,65,720,11289,33952,6,108
2023-01-02,host1.com.au,[04804C6C-4237-4AB7-B520-4C19483BFB98],9.1.0,500.00,449.15,0,80,679,25972,20528,73,105
2023-01-01,host1.com.au,[04804C6C-4237-4AB7-B520-4C19483BFB98],9.1.0,500.00,178.39,0,63,560,38168,17505,36,124
